Source,Player
HTB,Jonathan Mogbo
HTB,Onyeka Okongwu
HTB,Dominick Barlow
HTB,Kyle Kuzma
HTB,Quenton Jackson
HTB,Josh Okogie
HTB,Ryan Nembhard
HTB,Cameron Thomas
HTB,Caleb Martin
HTB,Pacome Dadiet
HTB,Khaman Maluach
HTB,Eric Gordon
HTB,Pete Nance
HTB,Cade Cunningham
HTB,Lauri Markkanen
HTB,Darius Garland
HTB,Victor Wembanyama
HTB,Luguentz Dort
HTB,Grayson Allen
HTB,Stanley Umude
HTB,Jalen McDaniels
HTB,Keegan Murray
HTB,Reed Sheppard
HTB,Jayson Tatum
HTB,Jalen Wilson
HTB,Hunter Sallis
HTB,Patrick Williams
HTB,Toumani Camara
HTB,Chucky Hepburn
HTB,Andre Jackson
HTB,Ryan Rollins
HTB,Matthew Cleveland
HTB,Ty Jerome
HTB,Caleb Love
HTB,Derrick Jones
HTB,Trae Young
HTB,Nikola Jokic
HTB,EJ Harkless
HTB,Dario Saric
HTB,Naji Marshall
HTB,R.J. Davis
HTB,Jordan Hawkins
HTB,Dink Pate
HTB,Tre Johnson
HTB,Anthony Black
HTB,Giannis Antetokounmpo
HTB,LaMelo Ball
HTB,N'Faly Dante
HTB,Amir Coffey
HTB,Jordan Miller
HTB,Paolo Banchero
HTB,Cooper Flagg
HTB,Moses Moody
HTB,Julian Phillips
HTB,Noa Essengue
HTB,Eli John Ndiaye
HTB,Daniss Jenkins
HTB,Noah Penda
HTB,Enrique Freeman
HTB,Mikal Bridges
HTB,Jusuf Nurkic
HTB,Kyle Lowry
HTB,Tristan Vukcevic
HTB,DeMar DeRozan
HTB,Jarace Walker
HTB,Zach LaVine
HTB,Karlo Matkovic
HTB,Nikola Jovic
HTB,Keyonte George
HTB,Zaccharie Risacher
HTB,Peyton Watson
HTB,Ajay Mitchell
HTB,Caleb Grill
HTB,Daniel Gafford
HTB,Lindy Waters
HTB,Terance Mann
HTB,Keldon Johnson
HTB,Gui Santos
HTB,Wooga Poplar
HTB,Domantas Sabonis
HTB,Bruce Brown
HTB,Jalen Duren
HTB,Ja'Kobe Walter
HTB,Larry Nance
HTB,Devin Booker
HTB,Kam Jones
HTB,Bilal Coulibaly
HTB,Jaylin Williams
HTB,Spencer Dinwiddie
HTB,Koby Brea
HTB,Dylan Cardwell
HTB,Myron Gardner
HTB,Drew Eubanks
HTB,Chaz Lanier
HTB,Josh Giddey
HTB,Emanuel Miller
HTB,Malik Monk
HTB,Ochai Agbaji
HTB,Sidy Cissoko
HTB,AJ Green
HTB,Josh Green
HTB,Jett Howard
HTB,Cam Christie
HTB,Paul George
HTB,Isaiah Livers
HTB,Gradey Dick
HTB,Oscar Tshiebwe
HTB,Fanbo Zeng
HTB,Jordan McLaughlin
HTB,Chris Livingston
HTB,LeBron James
HTB,Luke Kennard
HTB,Clint Capela
HTB,Luka Garza
HTB,Gabe Vincent
HTB,Kobe Brown
HTB,Devin Carter
HTB,David Jones-Garcia
HTB,Rayan Rupert
HTB,Cam Whitmore
HTB,Kel'el Ware
HTB,Kenyon Martin
HTB,Kevon Harris
HTB,Riley Minix
HTB,Norman Powell
HTB,Tre Mann
HTB,De'Andre Hunter
HTB,D'Angelo Russell
HTB,Naz Reid
HTB,Danny Wolf
HTB,Walker Kessler
HTB,Gary Trent
HTB,Kris Dunn
HTB,Nicolas Batum
HTB,Egor Demin
HTB,Jaylen Clark
HTB,Justin Champagnie
HTB,Isaiah Joe
HTB,Aaron Nesmith
HTB,Cameron Johnson
HTB,Orlando Robinson
HTB,Anfernee Simons
HTB,Kristaps Porzingis
HTB,Ausar Thompson
HTB,Jaylen Brown
HTB,Santi Aldama
HTB,Baylor Scheierman
HTB,Bogdan Bogdanovic
HTB,Klay Thompson
HTB,Austin Reaves
HTB,Andre Drummond
HTB,Isaiah Stevens
HTB,Steven Crowl
HTB,Deni Avdija
HTB,Jarrett Allen
HTB,Ryan Dunn
HTB,Matas Buzelis
HTB,A.J. Lawson
HTB,Khris Middleton
HTB,Bradley Beal
HTB,Jae'Sean Tate
HTB,RayJ Dennis
HTB,Haywood Highsmith
HTB,Royce O'Neale
HTB,Day'Ron Sharpe
HTB,Kyshawn George
HTB,Davion Mitchell
HTB,Christian Braun
HTB,Luke Kornet
HTB,Arthur Kaluma
HTB,Chet Holmgren
HTB,Sean Pedulla
HTB,Chris Paul
HTB,Jamal Murray
HTB,Brandin Podziemski
HTB,Nique Clifford
HTB,Collin Gillespie
HTB,Amari Williams
HTB,Duop Reath
HTB,Pat Connaughton
HTB,Quinten Post
HTB,Jaylen Wells
HTB,Chaney Johnson
HTB,Guerschon Yabusele
HTB,Michael Porter
HTB,RJ Barrett
HTB,Taelon Peter
HTB,Thomas Sorber
HTB,Jason Preston
HTB,Kentavious Caldwell-Pope
HTB,Sandro Mamukelashvili
HTB,Andrew Nembhard
HTB,Nae'Qwan Tomlin
HTB,GG Jackson
HTB,Zion Williamson
HTB,Shai Gilgeous-Alexander
HTB,Garrison Brooks
HTB,CJ McCollum
HTB,Collin Murray-Boyles
HTB,Marvin Bagley
HTB,John Tonje
HTB,Skal Labissiere
HTB,Terrence Shannon
HTB,Max Shulga
HTB,Harrison Barnes
HTB,Bronny James
HTB,Hayden Gray
HTB,Dante Exum
HTB,Eric Dixon
HTB,Thanasis Antetokounmpo
HTB,Steven Adams
HTB,Donte DiVincenzo
HTB,Duncan Robinson
HTB,Immanuel Quickley
HTB,Rocco Zikarsky
HTB,Spencer Jones
HTB,Nickeil Alexander-Walker
HTB,Tari Eason
HTB,Yuki Kawamura
HTB,Devin Vassell
HTB,Bobi Klintman
HTB,Mitchell Robinson
HTB,Isaiah Stewart
HTB,Miles Kelly
HTB,Ayo Dosunmu
HTB,P.J. Washington
HTB,Fred VanVleet
HTB,Alex Toohey
HTB,Nick Smith
HTB,Keshad Johnson
HTB,Jeremy Sochan
HTB,Kessler Edwards
HTB,Neemias Queta
HTB,Kris Murray
HTB,Jose Alvarado
HTB,TyTy Washington
HTB,Jay Huff
HTB,Andrew Wiggins
HTB,Johnny Furphy
HTB,Trendon Watford
HTB,Caris LeVert
HTB,Ousmane Dieng
HTB,Rudy Gobert
HTB,Nate Santos
HTB,Isaac Okoro
HTB,Corey Kispert
HTB,Jaylon Tyson
HTB,Myles Turner
HTB,Doug McDermott
HTB,A.J. Johnson
HTB,Mark Sears
HTB,Noah Clowney
HTB,Jamaree Bouyea
HTB,Jaden Hardy
HTB,Brook Lopez
HTB,Jordan Clarkson
HTB,Terence Davis
HTB,Isaiah Collier
HTB,Lester Quinones
HTB,Sam Hauser
HTB,Jalen Brunson
HTB,Max Strus
HTB,John Konchar
HTB,Stephen Curry
HTB,Dru Smith
HTB,Jaren Jackson
HTB,Oso Ighodaro
HTB,Curtis Jones
HTB,Keaton Wallace
HTB,Dalton Knecht
HTB,Jared McCain
HTB,Jalen Pickett
HTB,Kobe Johnson
HTB,Jrue Holiday
HTB,Stephon Castle
HTB,Grant Williams
HTB,Justin Edwards
HTB,Jordan Goodwin
HTB,Julius Randle
HTB,Jalen Johnson
HTB,Keon Johnson
HTB,Ariel Hukporti
HTB,Colby Jones
HTB,Tyler Herro
HTB,Dorian Finney-Smith
HTB,Jaden Ivey
HTB,Jackson Rowe
HTB,Donovan Clingan
HTB,Luke Travers
HTB,James Wiseman
HTB,Kobe Sanders
HTB,Luka Doncic
HTB,Keshon Gilbert
HTB,Saliou Niang
HTB,Miles Bridges
HTB,Tidjane Salaun
HTB,Trentyn Flowers
HTB,Olivier Sarr
HTB,Jared Butler
HTB,Paul Reed
HTB,Jaden Springer
HTB,Jonathan Pierre
HTB,John Collins
HTB,Augustas Marciulionis
HTB,E.J. Liddell
HTB,Garrett Temple
HTB,DaRon Holmes
HTB,Kelly Olynyk
HTB,Ziaire Williams
HTB,PJ Hall
HTB,Jimmy Butler
HTB,Terry Rozier
HTB,Justin Minaya
HTB,Jakob Poeltl
HTB,Jahmai Mashack
HTB,Vladislav Goldin
HTB,Tyler Smith
HTB,Tyler Kolek
HTB,Dylan Harper
HTB,Jake LaRavia
HTB,Julian Champagnie
HTB,Keon Ellis
HTB,Max Christie
HTB,Jamir Watkins
HTB,Brice Sensabaugh
HTB,Tamar Bates
HTB,Payton Pritchard
HTB,Walter Clayton
HTB,Wendell Carter
HTB,Goga Bitadze
HTB,Quentin Grimes
HTB,Jabari Walker
HTB,Marcus Smart
HTB,Reece Beekman
HTB,Dyson Daniels
HTB,Tyson Degenhart
HTB,Ben Saraf
HTB,Zach Edey
HTB,Derik Queen
HTB,Kelly Oubre Jr.
HTB,Alperen Sengun
HTB,Blake Wesley
HTB,Robert Williams
HTB,Jonas Valanciunas
HTB,Adem Bona
HTB,Kasparas Jakucionis
HTB,Malaki Branham
HTB,Colin Castleton
HTB,Kevin Huerter
HTB,Kon Knueppel
HTB,Tyrese Maxey
HTB,Sion James
HTB,Nikola Djurisic
HTB,Ulrich Chomche
HTB,Georges Niang
HTB,Nikola Vucevic
HTB,David Roddy
HTB,Lachlan Olbrich
HTB,Aaron Holiday
HTB,Chris Manon
HTB,Pascal Siakam
HTB,Tyson Etienne
HTB,Dillon Brooks
HTB,Deandre Ayton
HTB,De'Anthony Melton
HTB,Jase Richardson
HTB,Draymond Green
HTB,Isaiah Jackson
HTB,Obi Toppin
HTB,Pelle Larsson
HTB,Trey Alexander
HTB,Brandon Miller
HTB,Dwight Powell
HTB,Kadary Richmond
HTB,Javonte Green
HTB,Igor Milicic Jr.
HTB,Collin Sexton
HTB,Tristan da Silva
HTB,Bennedict Mathurin
HTB,Alijah Martin
HTB,Bam Adebayo
HTB,Isaac Nogues
HTB,Matisse Thybulle
HTB,Anthony Gill
HTB,Tre Jones
HTB,Amen Thompson
HTB,Dereck Lively
HTB,Norchad Omier
HTB,Alex Sarr
HTB,Jordan Poole
HTB,Patrick McCaffery
HTB,Ben Sheppard
HTB,Jalen Williams
HTB,Antonio Reeves
HTB,Cam Spencer
HTB,Daeqwon Plowden
HTB,Damian Lillard
HTB,Kenrich Williams
HTB,CJ Huntley
HTB,Brandon Clarke
HTB,Drew Peterson
HTB,Scottie Barnes
HTB,Lonzo Ball
HTB,Svi Mykhailiuk
HTB,Dariq Whitehead
HTB,De'Aaron Fox
HTB,Jarred Vanderbilt
HTB,Jaden McDaniels
HTB,Cason Wallace
HTB,Cliff Omoruyi
HTB,Evan Mobley
HTB,Isaac Jones
HTB,Joel Embiid
HTB,JD Davison
HTB,Trey Murphy
HTB,Mason Plumlee
HTB,Craig Porter
HTB,Vit Krejci
HTB,Jalen Green
HTB,Josh Minott
HTB,Cody Williams
HTB,Chris Boucher
HTB,Brooks Barnhizer
HTB,Mohamed Diawara
HTB,Moritz Wagner
HTB,Kevin Porter
HTB,Nick Richards
HTB,Harrison Ingram
HTB,Kyle Anderson
HTB,Javon Small
HTB,Vince Williams
HTB,Ivica Zubac
HTB,Patrick Baldwin
HTB,Yves Missi
HTB,Jacob Toppin
HTB,Tobias Harris
HTB,Izan Almansa
HTB,Jamal Cain
HTB,Jeff Green
HTB,Tony Bradley
HTB,Ron Holland
HTB,Saddiq Bey
HTB,Cole Anthony
HTB,Jock Landale
HTB,Drew Timme
HTB,DaQuan Jeffries
HTB,Scotty Pippen
HTB,Zach Collins
HTB,Karl-Anthony Towns
HTB,Kawhi Leonard
HTB,Hunter Tyson
HTB,Alex Caruso
HTB,Dalen Terry
HTB,KJ Simpson
HTB,Robert Dillingham
HTB,Kevin Durant
HTB,Jaime Jaquez
HTB,Kevin Love
HTB,Jalen Smith
HTB,Liam McNeeley
HTB,Desmond Bane
HTB,Jonathan Isaac
HTB,Andrew Carr
HTB,L.J. Cryer
HTB,Kyle Filipowski
HTB,Nikola Topic
HTB,Micah Potter
HTB,Adou Thiero
HTB,Moussa Diabate
HTB,Franz Wagner
HTB,Brandon Williams
HTB,Jaxson Hayes
HTB,James Harden
HTB,Olivier-Maxence Prosper
HTB,Anthony Davis
HTB,Xavier Tillman
HTB,Donovan Mitchell
HTB,Yang Hansen
HTB,Christian Koloko
HTB,VJ Edgecombe
HTB,Dennis Schroder
HTB,Jonathan Kuminga
HTB,Dean Wade
HTB,Dejounte Murray
HTB,Jerami Grant
HTB,Yanic Konan Niederhauser
HTB,Rasheer Fleming
HTB,Josh Hart
HTB,OG Anunoby
HTB,Tim Hardaway
HTB,Gary Harris
HTB,Cameron Matthews
HTB,Ricky Council
HTB,Aaron Gordon
HTB,Jamison Battle
HTB,Joe Ingles
HTB,Tyrese Haliburton
HTB,Simone Fontecchio
HTB,Leonard Miller
HTB,Adam Flagler
HTB,Nicolas Claxton
HTB,Micah Peavy
HTB,Taylor Hendricks
HTB,Joan Beringer
HTB,Moussa Cisse
HTB,T.J. McConnell
HTB,Cedric Coward
HTB,Tyrese Martin
HTB,Ace Bailey
HTB,Scoot Henderson
HTB,Jalen Suggs
HTB,Mouhamed Gueye
HTB,Maxi Kleber
HTB,Buddy Hield
HTB,Marcus Sasser
HTB,Jericho Sims
HTB,Lamont Butler
HTB,Caleb Houstan
HTB,Mike Conley
HTB,RJ Luis
HTB,Tyus Jones
HTB,Herbert Jones
HTB,Brandon Ingram
HTB,Hunter Dickinson
HTB,Coby White
HTB,Kyrie Irving
HTB,Ethan Thompson
HTB,Al Horford
HTB,Isaiah Crawford
HTB,Anthony Edwards
HTB,Akoldah Gak
HTB,Asa Newell
HTB,Trayce Jackson-Davis
HTB,Malevy Leons
HTB,Branden Carlson
HTB,Miles McBride
HTB,Taurean Prince
HTB,Drake Powell
HTB,Bryce McGowens
HTB,Ja Morant
HTB,Isaiah Hartenstein
HTB,Jabari Smith Jr.
HTB,Jordan Walsh
HTB,Carlton Carrington
HTB,Bogoljub Markovic
HTB,Jamal Shead
HTB,Jevon Carter
HTB,Sam Merrill
HTB,Kylor Kelley
HTB,Bobby Portis
HTB,Kobe Bufkin
HTB,Rui Hachimura
HTB,Tolu Smith
HTB,Ryan Kalkbrenner
HTB,Mark Williams
HTB,Shaedon Sharpe
HTB,Aaron Wiggins
HTB,Zeke Nnaji
HTB,Julian Strawther
HTB,Dillon Jones
HTB,Kevon Looney
HTB,Nolan Traore
HTB,Derrick White
RotoWire,Jonathan Mogbo
RotoWire,Onyeka Okongwu
RotoWire,Dominick Barlow
RotoWire,Kyle Kuzma
RotoWire,Quenton Jackson
RotoWire,Josh Okogie
RotoWire,Ryan Nembhard
RotoWire,Cameron Thomas
RotoWire,Caleb Martin
RotoWire,Pacome Dadiet
RotoWire,Khaman Maluach
RotoWire,Eric Gordon
RotoWire,Pete Nance
RotoWire,Cade Cunningham
RotoWire,Lauri Markkanen
RotoWire,Darius Garland
RotoWire,Victor Wembanyama
RotoWire,Luguentz Dort
RotoWire,Grayson Allen
RotoWire,Stanley Umude
RotoWire,Jalen McDaniels
RotoWire,Keegan Murray
RotoWire,Reed Sheppard
RotoWire,Jayson Tatum
RotoWire,Jalen Wilson
RotoWire,Hunter Sallis
RotoWire,Patrick Williams
RotoWire,Toumani Camara
RotoWire,Chucky Hepburn
RotoWire,Andre Jackson
RotoWire,Ryan Rollins
RotoWire,Matthew Cleveland
RotoWire,Ty Jerome
RotoWire,Caleb Love
RotoWire,Derrick Jones
RotoWire,Trae Young
RotoWire,Nikola Jokic
RotoWire,EJ Harkless
RotoWire,Dario Saric
RotoWire,Naji Marshall
RotoWire,R.J. Davis
RotoWire,Jordan Hawkins
RotoWire,Dink Pate
RotoWire,Tre Johnson
RotoWire,Anthony Black
RotoWire,Giannis Antetokounmpo
RotoWire,LaMelo Ball
RotoWire,N'Faly Dante
RotoWire,Amir Coffey
RotoWire,Jordan Miller
RotoWire,Paolo Banchero
RotoWire,Cooper Flagg
RotoWire,Moses Moody
RotoWire,Julian Phillips
RotoWire,Noa Essengue
RotoWire,Eli John Ndiaye
RotoWire,Daniss Jenkins
RotoWire,Noah Penda
RotoWire,Enrique Freeman
RotoWire,Mikal Bridges
RotoWire,Jusuf Nurkic
RotoWire,Kyle Lowry
RotoWire,Tristan Vukcevic
RotoWire,DeMar DeRozan
RotoWire,Jarace Walker
RotoWire,Zach LaVine
RotoWire,Karlo Matkovic
RotoWire,Nikola Jovic
RotoWire,Keyonte George
RotoWire,Zaccharie Risacher
RotoWire,Peyton Watson
RotoWire,Ajay Mitchell
RotoWire,Caleb Grill
RotoWire,Daniel Gafford
RotoWire,Lindy Waters
RotoWire,Terance Mann
RotoWire,Keldon Johnson
RotoWire,Gui Santos
RotoWire,Wooga Poplar
RotoWire,Domantas Sabonis
RotoWire,Bruce Brown
RotoWire,Jalen Duren
RotoWire,Ja'Kobe Walter
RotoWire,Larry Nance
RotoWire,Devin Booker
RotoWire,Kam Jones
RotoWire,Bilal Coulibaly
RotoWire,Jaylin Williams
RotoWire,Spencer Dinwiddie
RotoWire,Koby Brea
RotoWire,Dylan Cardwell
RotoWire,Myron Gardner
RotoWire,Drew Eubanks
RotoWire,Chaz Lanier
RotoWire,Josh Giddey
RotoWire,Emanuel Miller
RotoWire,Malik Monk
RotoWire,Ochai Agbaji
RotoWire,Sidy Cissoko
RotoWire,AJ Green
RotoWire,Josh Green
RotoWire,Jett Howard
RotoWire,Cam Christie
RotoWire,Paul George
RotoWire,Isaiah Livers
RotoWire,Gradey Dick
RotoWire,Oscar Tshiebwe
RotoWire,Fanbo Zeng
RotoWire,Jordan McLaughlin
RotoWire,Chris Livingston
RotoWire,LeBron James
RotoWire,Luke Kennard
RotoWire,Clint Capela
RotoWire,Luka Garza
RotoWire,Gabe Vincent
RotoWire,Kobe Brown
RotoWire,Devin Carter
RotoWire,David Jones-Garcia
RotoWire,Rayan Rupert
RotoWire,Cam Whitmore
RotoWire,Kel'el Ware
RotoWire,Kenyon Martin
RotoWire,Kevon Harris
RotoWire,Riley Minix
RotoWire,Norman Powell
RotoWire,Tre Mann
RotoWire,De'Andre Hunter
RotoWire,D'Angelo Russell
RotoWire,Naz Reid
RotoWire,Danny Wolf
RotoWire,Walker Kessler
RotoWire,Gary Trent
RotoWire,Kris Dunn
RotoWire,Nicolas Batum
RotoWire,Egor Demin
RotoWire,Jaylen Clark
RotoWire,Justin Champagnie
RotoWire,Isaiah Joe
RotoWire,Aaron Nesmith
RotoWire,Cameron Johnson
RotoWire,Orlando Robinson
RotoWire,Anfernee Simons
RotoWire,Kristaps Porzingis
RotoWire,Ausar Thompson
RotoWire,Jaylen Brown
RotoWire,Santi Aldama
RotoWire,Baylor Scheierman
RotoWire,Bogdan Bogdanovic
RotoWire,Klay Thompson
RotoWire,Austin Reaves
RotoWire,Andre Drummond
RotoWire,Isaiah Stevens
RotoWire,Steven Crowl
RotoWire,Deni Avdija
RotoWire,Jarrett Allen
RotoWire,Ryan Dunn
RotoWire,Matas Buzelis
RotoWire,A.J. Lawson
RotoWire,Khris Middleton
RotoWire,Bradley Beal
RotoWire,Jae'Sean Tate
RotoWire,RayJ Dennis
RotoWire,Haywood Highsmith
RotoWire,Royce O'Neale
RotoWire,Day'Ron Sharpe
RotoWire,Kyshawn George
RotoWire,Davion Mitchell
RotoWire,Christian Braun
RotoWire,Luke Kornet
RotoWire,Arthur Kaluma
RotoWire,Chet Holmgren
RotoWire,Sean Pedulla
RotoWire,Chris Paul
RotoWire,Jamal Murray
RotoWire,Brandin Podziemski
RotoWire,Nique Clifford
RotoWire,Collin Gillespie
RotoWire,Amari Williams
RotoWire,Duop Reath
RotoWire,Pat Connaughton
RotoWire,Quinten Post
RotoWire,Jaylen Wells
RotoWire,Chaney Johnson
RotoWire,Guerschon Yabusele
RotoWire,Michael Porter
RotoWire,RJ Barrett
RotoWire,Taelon Peter
RotoWire,Thomas Sorber
RotoWire,Jason Preston
RotoWire,Kentavious Caldwell-Pope
RotoWire,Sandro Mamukelashvili
RotoWire,Andrew Nembhard
RotoWire,Nae'Qwan Tomlin
RotoWire,GG Jackson
RotoWire,Zion Williamson
RotoWire,Shai Gilgeous-Alexander
RotoWire,Garrison Brooks
RotoWire,CJ McCollum
RotoWire,Collin Murray-Boyles
RotoWire,Marvin Bagley
RotoWire,John Tonje
RotoWire,Skal Labissiere
RotoWire,Terrence Shannon
RotoWire,Max Shulga
RotoWire,Harrison Barnes
RotoWire,Bronny James
RotoWire,Hayden Gray
RotoWire,Dante Exum
RotoWire,Eric Dixon
RotoWire,Thanasis Antetokounmpo
RotoWire,Steven Adams
RotoWire,Donte DiVincenzo
RotoWire,Duncan Robinson
RotoWire,Immanuel Quickley
RotoWire,Rocco Zikarsky
RotoWire,Spencer Jones
RotoWire,Nickeil Alexander-Walker
RotoWire,Tari Eason
RotoWire,Yuki Kawamura
RotoWire,Devin Vassell
RotoWire,Bobi Klintman
RotoWire,Mitchell Robinson
RotoWire,Isaiah Stewart
RotoWire,Miles Kelly
RotoWire,Ayo Dosunmu
RotoWire,P.J. Washington
RotoWire,Fred VanVleet
RotoWire,Alex Toohey
RotoWire,Nick Smith
RotoWire,Keshad Johnson
RotoWire,Jeremy Sochan
RotoWire,Kessler Edwards
RotoWire,Neemias Queta
RotoWire,Kris Murray
RotoWire,Jose Alvarado
RotoWire,TyTy Washington
RotoWire,Jay Huff
RotoWire,Andrew Wiggins
RotoWire,Johnny Furphy
RotoWire,Trendon Watford
RotoWire,Caris LeVert
RotoWire,Ousmane Dieng
RotoWire,Rudy Gobert
RotoWire,Nate Santos
RotoWire,Isaac Okoro
RotoWire,Corey Kispert
RotoWire,Jaylon Tyson
RotoWire,Myles Turner
RotoWire,Doug McDermott
RotoWire,A.J. Johnson
RotoWire,Mark Sears
RotoWire,Noah Clowney
RotoWire,Jamaree Bouyea
RotoWire,Jaden Hardy
RotoWire,Brook Lopez
RotoWire,Jordan Clarkson
RotoWire,Terence Davis
RotoWire,Isaiah Collier
RotoWire,Lester Quinones
RotoWire,Sam Hauser
RotoWire,Jalen Brunson
RotoWire,Max Strus
RotoWire,John Konchar
RotoWire,Stephen Curry
RotoWire,Dru Smith
RotoWire,Jaren Jackson
RotoWire,Oso Ighodaro
RotoWire,Curtis Jones
RotoWire,Keaton Wallace
RotoWire,Dalton Knecht
RotoWire,Jared McCain
RotoWire,Jalen Pickett
RotoWire,Kobe Johnson
RotoWire,Jrue Holiday
RotoWire,Stephon Castle
RotoWire,Grant Williams
RotoWire,Justin Edwards
RotoWire,Jordan Goodwin
RotoWire,Julius Randle
RotoWire,Jalen Johnson
RotoWire,Keon Johnson
RotoWire,Ariel Hukporti
RotoWire,Colby Jones
RotoWire,Tyler Herro
RotoWire,Dorian Finney-Smith
RotoWire,Jaden Ivey
RotoWire,Jackson Rowe
RotoWire,Donovan Clingan
RotoWire,Luke Travers
RotoWire,James Wiseman
RotoWire,Kobe Sanders
RotoWire,Luka Doncic
RotoWire,Keshon Gilbert
RotoWire,Saliou Niang
RotoWire,Miles Bridges
RotoWire,Tidjane Salaun
RotoWire,Trentyn Flowers
RotoWire,Olivier Sarr
RotoWire,Jared Butler
RotoWire,Paul Reed
RotoWire,Jaden Springer
RotoWire,Jonathan Pierre
RotoWire,John Collins
RotoWire,Augustas Marciulionis
RotoWire,E.J. Liddell
RotoWire,Garrett Temple
RotoWire,DaRon Holmes
RotoWire,Kelly Olynyk
RotoWire,Ziaire Williams
RotoWire,PJ Hall
RotoWire,Jimmy Butler
RotoWire,Terry Rozier
RotoWire,Justin Minaya
RotoWire,Jakob Poeltl
RotoWire,Jahmai Mashack
RotoWire,Vladislav Goldin
RotoWire,Tyler Smith
RotoWire,Tyler Kolek
RotoWire,Dylan Harper
RotoWire,Jake LaRavia
RotoWire,Julian Champagnie
RotoWire,Keon Ellis
RotoWire,Max Christie
RotoWire,Jamir Watkins
RotoWire,Brice Sensabaugh
RotoWire,Tamar Bates
RotoWire,Payton Pritchard
RotoWire,Walter Clayton
RotoWire,Wendell Carter
RotoWire,Goga Bitadze
RotoWire,Quentin Grimes
RotoWire,Jabari Walker
RotoWire,Marcus Smart
RotoWire,Reece Beekman
RotoWire,Dyson Daniels
RotoWire,Tyson Degenhart
RotoWire,Ben Saraf
RotoWire,Zach Edey
RotoWire,Derik Queen
RotoWire,Kelly Oubre Jr.
RotoWire,Alperen Sengun
RotoWire,Blake Wesley
RotoWire,Robert Williams
RotoWire,Jonas Valanciunas
RotoWire,Adem Bona
RotoWire,Kasparas Jakucionis
RotoWire,Malaki Branham
RotoWire,Colin Castleton
RotoWire,Kevin Huerter
RotoWire,Kon Knueppel
RotoWire,Tyrese Maxey
RotoWire,Sion James
RotoWire,Nikola Djurisic
RotoWire,Ulrich Chomche
RotoWire,Georges Niang
RotoWire,Nikola Vucevic
RotoWire,David Roddy
RotoWire,Lachlan Olbrich
RotoWire,Aaron Holiday
RotoWire,Chris Manon
RotoWire,Pascal Siakam
RotoWire,Tyson Etienne
RotoWire,Dillon Brooks
RotoWire,Deandre Ayton
RotoWire,De'Anthony Melton
RotoWire,Jase Richardson
RotoWire,Draymond Green
RotoWire,Isaiah Jackson
RotoWire,Obi Toppin
RotoWire,Pelle Larsson
RotoWire,Trey Alexander
RotoWire,Brandon Miller
RotoWire,Dwight Powell
RotoWire,Kadary Richmond
RotoWire,Javonte Green
RotoWire,Igor Milicic Jr.
RotoWire,Collin Sexton
RotoWire,Tristan da Silva
RotoWire,Bennedict Mathurin
RotoWire,Alijah Martin
RotoWire,Bam Adebayo
RotoWire,Isaac Nogues
RotoWire,Matisse Thybulle
RotoWire,Anthony Gill
RotoWire,Tre Jones
RotoWire,Amen Thompson
RotoWire,Dereck Lively
RotoWire,Norchad Omier
RotoWire,Alex Sarr
RotoWire,Jordan Poole
RotoWire,Patrick McCaffery
RotoWire,Ben Sheppard
RotoWire,Jalen Williams
RotoWire,Antonio Reeves
RotoWire,Cam Spencer
RotoWire,Daeqwon Plowden
RotoWire,Damian Lillard
RotoWire,Kenrich Williams
RotoWire,CJ Huntley
RotoWire,Brandon Clarke
RotoWire,Drew Peterson
RotoWire,Scottie Barnes
RotoWire,Lonzo Ball
RotoWire,Svi Mykhailiuk
RotoWire,Dariq Whitehead
RotoWire,De'Aaron Fox
RotoWire,Jarred Vanderbilt
RotoWire,Jaden McDaniels
RotoWire,Cason Wallace
RotoWire,Cliff Omoruyi
RotoWire,Evan Mobley
RotoWire,Isaac Jones
RotoWire,Joel Embiid
RotoWire,JD Davison
RotoWire,Trey Murphy
RotoWire,Mason Plumlee
RotoWire,Craig Porter
RotoWire,Vit Krejci
RotoWire,Jalen Green
RotoWire,Josh Minott
RotoWire,Cody Williams
RotoWire,Chris Boucher
RotoWire,Brooks Barnhizer
RotoWire,Mohamed Diawara
RotoWire,Moritz Wagner
RotoWire,Kevin Porter
RotoWire,Nick Richards
RotoWire,Harrison Ingram
RotoWire,Kyle Anderson
RotoWire,Javon Small
RotoWire,Vince Williams
RotoWire,Ivica Zubac
RotoWire,Patrick Baldwin
RotoWire,Yves Missi
RotoWire,Jacob Toppin
RotoWire,Tobias Harris
RotoWire,Izan Almansa
RotoWire,Jamal Cain
RotoWire,Jeff Green
RotoWire,Tony Bradley
RotoWire,Ron Holland
RotoWire,Saddiq Bey
RotoWire,Cole Anthony
RotoWire,Jock Landale
RotoWire,Drew Timme
RotoWire,DaQuan Jeffries
RotoWire,Scotty Pippen
RotoWire,Zach Collins
RotoWire,Karl-Anthony Towns
RotoWire,Kawhi Leonard
RotoWire,Hunter Tyson
RotoWire,Alex Caruso
RotoWire,Dalen Terry
RotoWire,KJ Simpson
RotoWire,Robert Dillingham
RotoWire,Kevin Durant
RotoWire,Jaime Jaquez
RotoWire,Kevin Love
RotoWire,Jalen Smith
RotoWire,Liam McNeeley
RotoWire,Desmond Bane
RotoWire,Jonathan Isaac
RotoWire,Andrew Carr
RotoWire,L.J. Cryer
RotoWire,Kyle Filipowski
RotoWire,Nikola Topic
RotoWire,Micah Potter
RotoWire,Adou Thiero
RotoWire,Moussa Diabate
RotoWire,Franz Wagner
RotoWire,Brandon Williams
RotoWire,Jaxson Hayes
RotoWire,James Harden
RotoWire,Olivier-Maxence Prosper
RotoWire,Anthony Davis
RotoWire,Xavier Tillman
RotoWire,Donovan Mitchell
RotoWire,Yang Hansen
RotoWire,Christian Koloko
RotoWire,VJ Edgecombe
RotoWire,Dennis Schroder
RotoWire,Jonathan Kuminga
RotoWire,Dean Wade
RotoWire,Dejounte Murray
RotoWire,Jerami Grant
RotoWire,Yanic Konan Niederhauser
RotoWire,Rasheer Fleming
RotoWire,Josh Hart
RotoWire,OG Anunoby
RotoWire,Tim Hardaway
RotoWire,Gary Harris
RotoWire,Cameron Matthews
RotoWire,Ricky Council
RotoWire,Aaron Gordon
RotoWire,Jamison Battle
RotoWire,Joe Ingles
RotoWire,Tyrese Haliburton
RotoWire,Simone Fontecchio
RotoWire,Leonard Miller
RotoWire,Adam Flagler
RotoWire,Nicolas Claxton
RotoWire,Micah Peavy
RotoWire,Taylor Hendricks
RotoWire,Joan Beringer
RotoWire,Moussa Cisse
RotoWire,T.J. McConnell
RotoWire,Cedric Coward
RotoWire,Tyrese Martin
RotoWire,Ace Bailey
RotoWire,Scoot Henderson
RotoWire,Jalen Suggs
RotoWire,Mouhamed Gueye
RotoWire,Maxi Kleber
RotoWire,Buddy Hield
RotoWire,Marcus Sasser
RotoWire,Jericho Sims
RotoWire,Lamont Butler
RotoWire,Caleb Houstan
RotoWire,Mike Conley
RotoWire,RJ Luis
RotoWire,Tyus Jones
RotoWire,Herbert Jones
RotoWire,Brandon Ingram
RotoWire,Hunter Dickinson
RotoWire,Coby White
RotoWire,Kyrie Irving
RotoWire,Ethan Thompson
RotoWire,Al Horford
RotoWire,Isaiah Crawford
RotoWire,Anthony Edwards
RotoWire,Akoldah Gak
RotoWire,Asa Newell
RotoWire,Trayce Jackson-Davis
RotoWire,Malevy Leons
RotoWire,Branden Carlson
RotoWire,Miles McBride
RotoWire,Taurean Prince
RotoWire,Drake Powell
RotoWire,Bryce McGowens
RotoWire,Ja Morant
RotoWire,Isaiah Hartenstein
RotoWire,Jabari Smith Jr.
RotoWire,Jordan Walsh
RotoWire,Carlton Carrington
RotoWire,Bogoljub Markovic
RotoWire,Jamal Shead
RotoWire,Jevon Carter
RotoWire,Sam Merrill
RotoWire,Kylor Kelley
RotoWire,Bobby Portis
RotoWire,Kobe Bufkin
RotoWire,Rui Hachimura
RotoWire,Tolu Smith
RotoWire,Ryan Kalkbrenner
RotoWire,Mark Williams
RotoWire,Shaedon Sharpe
RotoWire,Aaron Wiggins
RotoWire,Zeke Nnaji
RotoWire,Julian Strawther
RotoWire,Dillon Jones
RotoWire,Kevon Looney
RotoWire,Nolan Traore
RotoWire,Derrick White
BBM,Jonathan Mogbo
BBM,Onyeka Okongwu
BBM,Dominick Barlow
BBM,Kyle Kuzma
BBM,Quenton Jackson
BBM,Josh Okogie
BBM,Ryan Nembhard
BBM,Cameron Thomas
BBM,Caleb Martin
BBM,Pacome Dadiet
BBM,Khaman Maluach
BBM,Eric Gordon
BBM,Pete Nance
BBM,Cade Cunningham
BBM,Lauri Markkanen
BBM,Darius Garland
BBM,Victor Wembanyama
BBM,Luguentz Dort
BBM,Grayson Allen
BBM,Stanley Umude
BBM,Jalen McDaniels
BBM,Keegan Murray
BBM,Reed Sheppard
BBM,Jayson Tatum
BBM,Jalen Wilson
BBM,Hunter Sallis
BBM,Patrick Williams
BBM,Toumani Camara
BBM,Chucky Hepburn
BBM,Andre Jackson
BBM,Ryan Rollins
BBM,Matthew Cleveland
BBM,Ty Jerome
BBM,Caleb Love
BBM,Derrick Jones
BBM,Trae Young
BBM,Nikola Jokic
BBM,EJ Harkless
BBM,Dario Saric
BBM,Naji Marshall
BBM,R.J. Davis
BBM,Jordan Hawkins
BBM,Dink Pate
BBM,Tre Johnson
BBM,Anthony Black
BBM,Giannis Antetokounmpo
BBM,LaMelo Ball
BBM,N'Faly Dante
BBM,Amir Coffey
BBM,Jordan Miller
BBM,Paolo Banchero
BBM,Cooper Flagg
BBM,Moses Moody
BBM,Julian Phillips
BBM,Noa Essengue
BBM,Eli John Ndiaye
BBM,Daniss Jenkins
BBM,Noah Penda
BBM,Enrique Freeman
BBM,Mikal Bridges
BBM,Jusuf Nurkic
BBM,Kyle Lowry
BBM,Tristan Vukcevic
BBM,DeMar DeRozan
BBM,Jarace Walker
BBM,Zach LaVine
BBM,Karlo Matkovic
BBM,Nikola Jovic
BBM,Keyonte George
BBM,Zaccharie Risacher
BBM,Peyton Watson
BBM,Ajay Mitchell
BBM,Caleb Grill
BBM,Daniel Gafford
BBM,Lindy Waters
BBM,Terance Mann
BBM,Keldon Johnson
BBM,Gui Santos
BBM,Wooga Poplar
BBM,Domantas Sabonis
BBM,Bruce Brown
BBM,Jalen Duren
BBM,Ja'Kobe Walter
BBM,Larry Nance
BBM,Devin Booker
BBM,Kam Jones
BBM,Bilal Coulibaly
BBM,Jaylin Williams
BBM,Spencer Dinwiddie
BBM,Koby Brea
BBM,Dylan Cardwell
BBM,Myron Gardner
BBM,Drew Eubanks
BBM,Chaz Lanier
BBM,Josh Giddey
BBM,Emanuel Miller
BBM,Malik Monk
BBM,Ochai Agbaji
BBM,Sidy Cissoko
BBM,AJ Green
BBM,Josh Green
BBM,Jett Howard
BBM,Cam Christie
BBM,Paul George
BBM,Isaiah Livers
BBM,Gradey Dick
BBM,Oscar Tshiebwe
BBM,Fanbo Zeng
BBM,Jordan McLaughlin
BBM,Chris Livingston
BBM,LeBron James
BBM,Luke Kennard
BBM,Clint Capela
BBM,Luka Garza
BBM,Gabe Vincent
BBM,Kobe Brown
BBM,Devin Carter
BBM,David Jones-Garcia
BBM,Rayan Rupert
BBM,Cam Whitmore
BBM,Kel'el Ware
BBM,Kenyon Martin
BBM,Kevon Harris
BBM,Riley Minix
BBM,Norman Powell
BBM,Tre Mann
BBM,De'Andre Hunter
BBM,D'Angelo Russell
BBM,Naz Reid
BBM,Danny Wolf
BBM,Walker Kessler
BBM,Gary Trent
BBM,Kris Dunn
BBM,Nicolas Batum
BBM,Egor Demin
BBM,Jaylen Clark
BBM,Justin Champagnie
BBM,Isaiah Joe
BBM,Aaron Nesmith
BBM,Cameron Johnson
BBM,Orlando Robinson
BBM,Anfernee Simons
BBM,Kristaps Porzingis
BBM,Ausar Thompson
BBM,Jaylen Brown
BBM,Santi Aldama
BBM,Baylor Scheierman
BBM,Bogdan Bogdanovic
BBM,Klay Thompson
BBM,Austin Reaves
BBM,Andre Drummond
BBM,Isaiah Stevens
BBM,Steven Crowl
BBM,Deni Avdija
BBM,Jarrett Allen
BBM,Ryan Dunn
BBM,Matas Buzelis
BBM,A.J. Lawson
BBM,Khris Middleton
BBM,Bradley Beal
BBM,Jae'Sean Tate
BBM,RayJ Dennis
BBM,Haywood Highsmith
BBM,Royce O'Neale
BBM,Day'Ron Sharpe
BBM,Kyshawn George
BBM,Davion Mitchell
BBM,Christian Braun
BBM,Luke Kornet
BBM,Arthur Kaluma
BBM,Chet Holmgren
BBM,Sean Pedulla
BBM,Chris Paul
BBM,Jamal Murray
BBM,Brandin Podziemski
BBM,Nique Clifford
BBM,Collin Gillespie
BBM,Amari Williams
BBM,Duop Reath
BBM,Pat Connaughton
BBM,Quinten Post
BBM,Jaylen Wells
BBM,Chaney Johnson
BBM,Guerschon Yabusele
BBM,Michael Porter
BBM,RJ Barrett
BBM,Taelon Peter
BBM,Thomas Sorber
BBM,Jason Preston
BBM,Kentavious Caldwell-Pope
BBM,Sandro Mamukelashvili
BBM,Andrew Nembhard
BBM,Nae'Qwan Tomlin
BBM,GG Jackson
BBM,Zion Williamson
BBM,Shai Gilgeous-Alexander
BBM,Garrison Brooks
BBM,CJ McCollum
BBM,Collin Murray-Boyles
BBM,Marvin Bagley
BBM,John Tonje
BBM,Skal Labissiere
BBM,Terrence Shannon
BBM,Max Shulga
BBM,Harrison Barnes
BBM,Bronny James
BBM,Hayden Gray
BBM,Dante Exum
BBM,Eric Dixon
BBM,Thanasis Antetokounmpo
BBM,Steven Adams
BBM,Donte DiVincenzo
BBM,Duncan Robinson
BBM,Immanuel Quickley
BBM,Rocco Zikarsky
BBM,Spencer Jones
BBM,Nickeil Alexander-Walker
BBM,Tari Eason
BBM,Yuki Kawamura
BBM,Devin Vassell
BBM,Bobi Klintman
BBM,Mitchell Robinson
BBM,Isaiah Stewart
BBM,Miles Kelly
BBM,Ayo Dosunmu
BBM,P.J. Washington
BBM,Fred VanVleet
BBM,Alex Toohey
BBM,Nick Smith
BBM,Keshad Johnson
BBM,Jeremy Sochan
BBM,Kessler Edwards
BBM,Neemias Queta
BBM,Kris Murray
BBM,Jose Alvarado
BBM,TyTy Washington
BBM,Jay Huff
BBM,Andrew Wiggins
BBM,Johnny Furphy
BBM,Trendon Watford
BBM,Caris LeVert
BBM,Ousmane Dieng
BBM,Rudy Gobert
BBM,Nate Santos
BBM,Isaac Okoro
BBM,Corey Kispert
BBM,Jaylon Tyson
BBM,Myles Turner
BBM,Doug McDermott
BBM,A.J. Johnson
BBM,Mark Sears
BBM,Noah Clowney
BBM,Jamaree Bouyea
BBM,Jaden Hardy
BBM,Brook Lopez
BBM,Jordan Clarkson
BBM,Terence Davis
BBM,Isaiah Collier
BBM,Lester Quinones
BBM,Sam Hauser
BBM,Jalen Brunson
BBM,Max Strus
BBM,John Konchar
BBM,Stephen Curry
BBM,Dru Smith
BBM,Jaren Jackson
BBM,Oso Ighodaro
BBM,Curtis Jones
BBM,Keaton Wallace
BBM,Dalton Knecht
BBM,Jared McCain
BBM,Jalen Pickett
BBM,Kobe Johnson
BBM,Jrue Holiday
BBM,Stephon Castle
BBM,Grant Williams
BBM,Justin Edwards
BBM,Jordan Goodwin
BBM,Julius Randle
BBM,Jalen Johnson
BBM,Keon Johnson
BBM,Ariel Hukporti
BBM,Colby Jones
BBM,Tyler Herro
BBM,Dorian Finney-Smith
BBM,Jaden Ivey
BBM,Jackson Rowe
BBM,Donovan Clingan
BBM,Luke Travers
BBM,James Wiseman
BBM,Kobe Sanders
BBM,Luka Doncic
BBM,Keshon Gilbert
BBM,Saliou Niang
BBM,Miles Bridges
BBM,Tidjane Salaun
BBM,Trentyn Flowers
BBM,Olivier Sarr
BBM,Jared Butler
BBM,Paul Reed
BBM,Jaden Springer
BBM,Jonathan Pierre
BBM,John Collins
BBM,Augustas Marciulionis
BBM,E.J. Liddell
BBM,Garrett Temple
BBM,DaRon Holmes
BBM,Kelly Olynyk
BBM,Ziaire Williams
BBM,PJ Hall
BBM,Jimmy Butler
BBM,Terry Rozier
BBM,Justin Minaya
BBM,Jakob Poeltl
BBM,Jahmai Mashack
BBM,Vladislav Goldin
BBM,Tyler Smith
BBM,Tyler Kolek
BBM,Dylan Harper
BBM,Jake LaRavia
BBM,Julian Champagnie
BBM,Keon Ellis
BBM,Max Christie
BBM,Jamir Watkins
BBM,Brice Sensabaugh
BBM,Tamar Bates
BBM,Payton Pritchard
BBM,Walter Clayton
BBM,Wendell Carter
BBM,Goga Bitadze
BBM,Quentin Grimes
BBM,Jabari Walker
BBM,Marcus Smart
BBM,Reece Beekman
BBM,Dyson Daniels
BBM,Tyson Degenhart
BBM,Ben Saraf
BBM,Zach Edey
BBM,Derik Queen
BBM,Kelly Oubre Jr.
BBM,Alperen Sengun
BBM,Blake Wesley
BBM,Robert Williams
BBM,Jonas Valanciunas
BBM,Adem Bona
BBM,Kasparas Jakucionis
BBM,Malaki Branham
BBM,Colin Castleton
BBM,Kevin Huerter
BBM,Kon Knueppel
BBM,Tyrese Maxey
BBM,Sion James
BBM,Nikola Djurisic
BBM,Ulrich Chomche
BBM,Georges Niang
BBM,Nikola Vucevic
BBM,David Roddy
BBM,Lachlan Olbrich
BBM,Aaron Holiday
BBM,Chris Manon
BBM,Pascal Siakam
BBM,Tyson Etienne
BBM,Dillon Brooks
BBM,Deandre Ayton
BBM,De'Anthony Melton
BBM,Jase Richardson
BBM,Draymond Green
BBM,Isaiah Jackson
BBM,Obi Toppin
BBM,Pelle Larsson
BBM,Trey Alexander
BBM,Brandon Miller
BBM,Dwight Powell
BBM,Kadary Richmond
BBM,Javonte Green
BBM,Igor Milicic Jr.
BBM,Collin Sexton
BBM,Tristan da Silva
BBM,Bennedict Mathurin
BBM,Alijah Martin
BBM,Bam Adebayo
BBM,Isaac Nogues
BBM,Matisse Thybulle
BBM,Anthony Gill
BBM,Tre Jones
BBM,Amen Thompson
BBM,Dereck Lively
BBM,Norchad Omier
BBM,Alex Sarr
BBM,Jordan Poole
BBM,Patrick McCaffery
BBM,Ben Sheppard
BBM,Jalen Williams
BBM,Antonio Reeves
BBM,Cam Spencer
BBM,Daeqwon Plowden
BBM,Damian Lillard
BBM,Kenrich Williams
BBM,CJ Huntley
BBM,Brandon Clarke
BBM,Drew Peterson
BBM,Scottie Barnes
BBM,Lonzo Ball
BBM,Svi Mykhailiuk
BBM,Dariq Whitehead
BBM,De'Aaron Fox
BBM,Jarred Vanderbilt
BBM,Jaden McDaniels
BBM,Cason Wallace
BBM,Cliff Omoruyi
BBM,Evan Mobley
BBM,Isaac Jones
BBM,Joel Embiid
BBM,JD Davison
BBM,Trey Murphy
BBM,Mason Plumlee
BBM,Craig Porter
BBM,Vit Krejci
BBM,Jalen Green
BBM,Josh Minott
BBM,Cody Williams
BBM,Chris Boucher
BBM,Brooks Barnhizer
BBM,Mohamed Diawara
BBM,Moritz Wagner
BBM,Kevin Porter
BBM,Nick Richards
BBM,Harrison Ingram
BBM,Kyle Anderson
BBM,Javon Small
BBM,Vince Williams
BBM,Ivica Zubac
BBM,Patrick Baldwin
BBM,Yves Missi
BBM,Jacob Toppin
BBM,Tobias Harris
BBM,Izan Almansa
BBM,Jamal Cain
BBM,Jeff Green
BBM,Tony Bradley
BBM,Ron Holland
BBM,Saddiq Bey
BBM,Cole Anthony
BBM,Jock Landale
BBM,Drew Timme
BBM,DaQuan Jeffries
BBM,Scotty Pippen
BBM,Zach Collins
BBM,Karl-Anthony Towns
BBM,Kawhi Leonard
BBM,Hunter Tyson
BBM,Alex Caruso
BBM,Dalen Terry
BBM,KJ Simpson
BBM,Robert Dillingham
BBM,Kevin Durant
BBM,Jaime Jaquez
BBM,Kevin Love
BBM,Jalen Smith
BBM,Liam McNeeley
BBM,Desmond Bane
BBM,Jonathan Isaac
BBM,Andrew Carr
BBM,L.J. Cryer
BBM,Kyle Filipowski
BBM,Nikola Topic
BBM,Micah Potter
BBM,Adou Thiero
BBM,Moussa Diabate
BBM,Franz Wagner
BBM,Brandon Williams
BBM,Jaxson Hayes
BBM,James Harden
BBM,Olivier-Maxence Prosper
BBM,Anthony Davis
BBM,Xavier Tillman
BBM,Donovan Mitchell
BBM,Yang Hansen
BBM,Christian Koloko
BBM,VJ Edgecombe
BBM,Dennis Schroder
BBM,Jonathan Kuminga
BBM,Dean Wade
BBM,Dejounte Murray
BBM,Jerami Grant
BBM,Yanic Konan Niederhauser
BBM,Rasheer Fleming
BBM,Josh Hart
BBM,OG Anunoby
BBM,Tim Hardaway
BBM,Gary Harris
BBM,Cameron Matthews
BBM,Ricky Council
BBM,Aaron Gordon
BBM,Jamison Battle
BBM,Joe Ingles
BBM,Tyrese Haliburton
BBM,Simone Fontecchio
BBM,Leonard Miller
BBM,Adam Flagler
BBM,Nicolas Claxton
BBM,Micah Peavy
BBM,Taylor Hendricks
BBM,Joan Beringer
BBM,Moussa Cisse
BBM,T.J. McConnell
BBM,Cedric Coward
BBM,Tyrese Martin
BBM,Ace Bailey
BBM,Scoot Henderson
BBM,Jalen Suggs
BBM,Mouhamed Gueye
BBM,Maxi Kleber
BBM,Buddy Hield
BBM,Marcus Sasser
BBM,Jericho Sims
BBM,Lamont Butler
BBM,Caleb Houstan
BBM,Mike Conley
BBM,RJ Luis
BBM,Tyus Jones
BBM,Herbert Jones
BBM,Brandon Ingram
BBM,Hunter Dickinson
BBM,Coby White
BBM,Kyrie Irving
BBM,Ethan Thompson
BBM,Al Horford
BBM,Isaiah Crawford
BBM,Anthony Edwards
BBM,Akoldah Gak
BBM,Asa Newell
BBM,Trayce Jackson-Davis
BBM,Malevy Leons
BBM,Branden Carlson
BBM,Miles McBride
BBM,Taurean Prince
BBM,Drake Powell
BBM,Bryce McGowens
BBM,Ja Morant
BBM,Isaiah Hartenstein
BBM,Jabari Smith Jr.
BBM,Jordan Walsh
BBM,Carlton Carrington
BBM,Bogoljub Markovic
BBM,Jamal Shead
BBM,Jevon Carter
BBM,Sam Merrill
BBM,Kylor Kelley
BBM,Bobby Portis
BBM,Kobe Bufkin
BBM,Rui Hachimura
BBM,Tolu Smith
BBM,Ryan Kalkbrenner
BBM,Mark Williams
BBM,Shaedon Sharpe
BBM,Aaron Wiggins
BBM,Zeke Nnaji
BBM,Julian Strawther
BBM,Dillon Jones
BBM,Kevon Looney
BBM,Nolan Traore
BBM,Derrick White
Darko,Jonathan Mogbo
Darko,Onyeka Okongwu
Darko,Dominick Barlow
Darko,Kyle Kuzma
Darko,Quenton Jackson
Darko,Josh Okogie
Darko,Ryan Nembhard
Darko,Cameron Thomas
Darko,Caleb Martin
Darko,Pacome Dadiet
Darko,Khaman Maluach
Darko,Eric Gordon
Darko,Pete Nance
Darko,Cade Cunningham
Darko,Lauri Markkanen
Darko,Darius Garland
Darko,Victor Wembanyama
Darko,Luguentz Dort
Darko,Grayson Allen
Darko,Stanley Umude
Darko,Jalen McDaniels
Darko,Keegan Murray
Darko,Reed Sheppard
Darko,Jayson Tatum
Darko,Jalen Wilson
Darko,Hunter Sallis
Darko,Patrick Williams
Darko,Toumani Camara
Darko,Chucky Hepburn
Darko,Andre Jackson
Darko,Ryan Rollins
Darko,Matthew Cleveland
Darko,Ty Jerome
Darko,Caleb Love
Darko,Derrick Jones
Darko,Trae Young
Darko,Nikola Jokic
Darko,EJ Harkless
Darko,Dario Saric
Darko,Naji Marshall
Darko,R.J. Davis
Darko,Jordan Hawkins
Darko,Dink Pate
Darko,Tre Johnson
Darko,Anthony Black
Darko,Giannis Antetokounmpo
Darko,LaMelo Ball
Darko,N'Faly Dante
Darko,Amir Coffey
Darko,Jordan Miller
Darko,Paolo Banchero
Darko,Cooper Flagg
Darko,Moses Moody
Darko,Julian Phillips
Darko,Noa Essengue
Darko,Eli John Ndiaye
Darko,Daniss Jenkins
Darko,Noah Penda
Darko,Enrique Freeman
Darko,Mikal Bridges
Darko,Jusuf Nurkic
Darko,Kyle Lowry
Darko,Tristan Vukcevic
Darko,DeMar DeRozan
Darko,Jarace Walker
Darko,Zach LaVine
Darko,Karlo Matkovic
Darko,Nikola Jovic
Darko,Keyonte George
Darko,Zaccharie Risacher
Darko,Peyton Watson
Darko,Ajay Mitchell
Darko,Caleb Grill
Darko,Daniel Gafford
Darko,Lindy Waters
Darko,Terance Mann
Darko,Keldon Johnson
Darko,Gui Santos
Darko,Wooga Poplar
Darko,Domantas Sabonis
Darko,Bruce Brown
Darko,Jalen Duren
Darko,Ja'Kobe Walter
Darko,Larry Nance
Darko,Devin Booker
Darko,Kam Jones
Darko,Bilal Coulibaly
Darko,Jaylin Williams
Darko,Spencer Dinwiddie
Darko,Koby Brea
Darko,Dylan Cardwell
Darko,Myron Gardner
Darko,Drew Eubanks
Darko,Chaz Lanier
Darko,Josh Giddey
Darko,Emanuel Miller
Darko,Malik Monk
Darko,Ochai Agbaji
Darko,Sidy Cissoko
Darko,AJ Green
Darko,Josh Green
Darko,Jett Howard
Darko,Cam Christie
Darko,Paul George
Darko,Isaiah Livers
Darko,Gradey Dick
Darko,Oscar Tshiebwe
Darko,Fanbo Zeng
Darko,Jordan McLaughlin
Darko,Chris Livingston
Darko,LeBron James
Darko,Luke Kennard
Darko,Clint Capela
Darko,Luka Garza
Darko,Gabe Vincent
Darko,Kobe Brown
Darko,Devin Carter
Darko,David Jones-Garcia
Darko,Rayan Rupert
Darko,Cam Whitmore
Darko,Kel'el Ware
Darko,Kenyon Martin
Darko,Kevon Harris
Darko,Riley Minix
Darko,Norman Powell
Darko,Tre Mann
Darko,De'Andre Hunter
Darko,D'Angelo Russell
Darko,Naz Reid
Darko,Danny Wolf
Darko,Walker Kessler
Darko,Gary Trent
Darko,Kris Dunn
Darko,Nicolas Batum
Darko,Egor Demin
Darko,Jaylen Clark
Darko,Justin Champagnie
Darko,Isaiah Joe
Darko,Aaron Nesmith
Darko,Cameron Johnson
Darko,Orlando Robinson
Darko,Anfernee Simons
Darko,Kristaps Porzingis
Darko,Ausar Thompson
Darko,Jaylen Brown
Darko,Santi Aldama
Darko,Baylor Scheierman
Darko,Bogdan Bogdanovic
Darko,Klay Thompson
Darko,Austin Reaves
Darko,Andre Drummond
Darko,Isaiah Stevens
Darko,Steven Crowl
Darko,Deni Avdija
Darko,Jarrett Allen
Darko,Ryan Dunn
Darko,Matas Buzelis
Darko,A.J. Lawson
Darko,Khris Middleton
Darko,Bradley Beal
Darko,Jae'Sean Tate
Darko,RayJ Dennis
Darko,Haywood Highsmith
Darko,Royce O'Neale
Darko,Day'Ron Sharpe
Darko,Kyshawn George
Darko,Davion Mitchell
Darko,Christian Braun
Darko,Luke Kornet
Darko,Arthur Kaluma
Darko,Chet Holmgren
Darko,Sean Pedulla
Darko,Chris Paul
Darko,Jamal Murray
Darko,Brandin Podziemski
Darko,Nique Clifford
Darko,Collin Gillespie
Darko,Amari Williams
Darko,Duop Reath
Darko,Pat Connaughton
Darko,Quinten Post
Darko,Jaylen Wells
Darko,Chaney Johnson
Darko,Guerschon Yabusele
Darko,Michael Porter
Darko,RJ Barrett
Darko,Taelon Peter
Darko,Thomas Sorber
Darko,Jason Preston
Darko,Kentavious Caldwell-Pope
Darko,Sandro Mamukelashvili
Darko,Andrew Nembhard
Darko,Nae'Qwan Tomlin
Darko,GG Jackson
Darko,Zion Williamson
Darko,Shai Gilgeous-Alexander
Darko,Garrison Brooks
Darko,CJ McCollum
Darko,Collin Murray-Boyles
Darko,Marvin Bagley
Darko,John Tonje
Darko,Skal Labissiere
Darko,Terrence Shannon
Darko,Max Shulga
Darko,Harrison Barnes
Darko,Bronny James
Darko,Hayden Gray
Darko,Dante Exum
Darko,Eric Dixon
Darko,Thanasis Antetokounmpo
Darko,Steven Adams
Darko,Donte DiVincenzo
Darko,Duncan Robinson
Darko,Immanuel Quickley
Darko,Rocco Zikarsky
Darko,Spencer Jones
Darko,Nickeil Alexander-Walker
Darko,Tari Eason
Darko,Yuki Kawamura
Darko,Devin Vassell
Darko,Bobi Klintman
Darko,Mitchell Robinson
Darko,Isaiah Stewart
Darko,Miles Kelly
Darko,Ayo Dosunmu
Darko,P.J. Washington
Darko,Fred VanVleet
Darko,Alex Toohey
Darko,Nick Smith
Darko,Keshad Johnson
Darko,Jeremy Sochan
Darko,Kessler Edwards
Darko,Neemias Queta
Darko,Kris Murray
Darko,Jose Alvarado
Darko,TyTy Washington
Darko,Jay Huff
Darko,Andrew Wiggins
Darko,Johnny Furphy
Darko,Trendon Watford
Darko,Caris LeVert
Darko,Ousmane Dieng
Darko,Rudy Gobert
Darko,Nate Santos
Darko,Isaac Okoro
Darko,Corey Kispert
Darko,Jaylon Tyson
Darko,Myles Turner
Darko,Doug McDermott
Darko,A.J. Johnson
Darko,Mark Sears
Darko,Noah Clowney
Darko,Jamaree Bouyea
Darko,Jaden Hardy
Darko,Brook Lopez
Darko,Jordan Clarkson
Darko,Terence Davis
Darko,Isaiah Collier
Darko,Lester Quinones
Darko,Sam Hauser
Darko,Jalen Brunson
Darko,Max Strus
Darko,John Konchar
Darko,Stephen Curry
Darko,Dru Smith
Darko,Jaren Jackson
Darko,Oso Ighodaro
Darko,Curtis Jones
Darko,Keaton Wallace
Darko,Dalton Knecht
Darko,Jared McCain
Darko,Jalen Pickett
Darko,Kobe Johnson
Darko,Jrue Holiday
Darko,Stephon Castle
Darko,Grant Williams
Darko,Justin Edwards
Darko,Jordan Goodwin
Darko,Julius Randle
Darko,Jalen Johnson
Darko,Keon Johnson
Darko,Ariel Hukporti
Darko,Colby Jones
Darko,Tyler Herro
Darko,Dorian Finney-Smith
Darko,Jaden Ivey
Darko,Jackson Rowe
Darko,Donovan Clingan
Darko,Luke Travers
Darko,James Wiseman
Darko,Kobe Sanders
Darko,Luka Doncic
Darko,Keshon Gilbert
Darko,Saliou Niang
Darko,Miles Bridges
Darko,Tidjane Salaun
Darko,Trentyn Flowers
Darko,Olivier Sarr
Darko,Jared Butler
Darko,Paul Reed
Darko,Jaden Springer
Darko,Jonathan Pierre
Darko,John Collins
Darko,Augustas Marciulionis
Darko,E.J. Liddell
Darko,Garrett Temple
Darko,DaRon Holmes
Darko,Kelly Olynyk
Darko,Ziaire Williams
Darko,PJ Hall
Darko,Jimmy Butler
Darko,Terry Rozier
Darko,Justin Minaya
Darko,Jakob Poeltl
Darko,Jahmai Mashack
Darko,Vladislav Goldin
Darko,Tyler Smith
Darko,Tyler Kolek
Darko,Dylan Harper
Darko,Jake LaRavia
Darko,Julian Champagnie
Darko,Keon Ellis
Darko,Max Christie
Darko,Jamir Watkins
Darko,Brice Sensabaugh
Darko,Tamar Bates
Darko,Payton Pritchard
Darko,Walter Clayton
Darko,Wendell Carter
Darko,Goga Bitadze
Darko,Quentin Grimes
Darko,Jabari Walker
Darko,Marcus Smart
Darko,Reece Beekman
Darko,Dyson Daniels
Darko,Tyson Degenhart
Darko,Ben Saraf
Darko,Zach Edey
Darko,Derik Queen
Darko,Kelly Oubre Jr.
Darko,Alperen Sengun
Darko,Blake Wesley
Darko,Robert Williams
Darko,Jonas Valanciunas
Darko,Adem Bona
Darko,Kasparas Jakucionis
Darko,Malaki Branham
Darko,Colin Castleton
Darko,Kevin Huerter
Darko,Kon Knueppel
Darko,Tyrese Maxey
Darko,Sion James
Darko,Nikola Djurisic
Darko,Ulrich Chomche
Darko,Georges Niang
Darko,Nikola Vucevic
Darko,David Roddy
Darko,Lachlan Olbrich
Darko,Aaron Holiday
Darko,Chris Manon
Darko,Pascal Siakam
Darko,Tyson Etienne
Darko,Dillon Brooks
Darko,Deandre Ayton
Darko,De'Anthony Melton
Darko,Jase Richardson
Darko,Draymond Green
Darko,Isaiah Jackson
Darko,Obi Toppin
Darko,Pelle Larsson
Darko,Trey Alexander
Darko,Brandon Miller
Darko,Dwight Powell
Darko,Kadary Richmond
Darko,Javonte Green
Darko,Igor Milicic Jr.
Darko,Collin Sexton
Darko,Tristan da Silva
Darko,Bennedict Mathurin
Darko,Alijah Martin
Darko,Bam Adebayo
Darko,Isaac Nogues
Darko,Matisse Thybulle
Darko,Anthony Gill
Darko,Tre Jones
Darko,Amen Thompson
Darko,Dereck Lively
Darko,Norchad Omier
Darko,Alex Sarr
Darko,Jordan Poole
Darko,Patrick McCaffery
Darko,Ben Sheppard
Darko,Jalen Williams
Darko,Antonio Reeves
Darko,Cam Spencer
Darko,Daeqwon Plowden
Darko,Damian Lillard
Darko,Kenrich Williams
Darko,CJ Huntley
Darko,Brandon Clarke
Darko,Drew Peterson
Darko,Scottie Barnes
Darko,Lonzo Ball
Darko,Svi Mykhailiuk
Darko,Dariq Whitehead
Darko,De'Aaron Fox
Darko,Jarred Vanderbilt
Darko,Jaden McDaniels
Darko,Cason Wallace
Darko,Cliff Omoruyi
Darko,Evan Mobley
Darko,Isaac Jones
Darko,Joel Embiid
Darko,JD Davison
Darko,Trey Murphy
Darko,Mason Plumlee
Darko,Craig Porter
Darko,Vit Krejci
Darko,Jalen Green
Darko,Josh Minott
Darko,Cody Williams
Darko,Chris Boucher
Darko,Brooks Barnhizer
Darko,Mohamed Diawara
Darko,Moritz Wagner
Darko,Kevin Porter
Darko,Nick Richards
Darko,Harrison Ingram
Darko,Kyle Anderson
Darko,Javon Small
Darko,Vince Williams
Darko,Ivica Zubac
Darko,Patrick Baldwin
Darko,Yves Missi
Darko,Jacob Toppin
Darko,Tobias Harris
Darko,Izan Almansa
Darko,Jamal Cain
Darko,Jeff Green
Darko,Tony Bradley
Darko,Ron Holland
Darko,Saddiq Bey
Darko,Cole Anthony
Darko,Jock Landale
Darko,Drew Timme
Darko,DaQuan Jeffries
Darko,Scotty Pippen
Darko,Zach Collins
Darko,Karl-Anthony Towns
Darko,Kawhi Leonard
Darko,Hunter Tyson
Darko,Alex Caruso
Darko,Dalen Terry
Darko,KJ Simpson
Darko,Robert Dillingham
Darko,Kevin Durant
Darko,Jaime Jaquez
Darko,Kevin Love
Darko,Jalen Smith
Darko,Liam McNeeley
Darko,Desmond Bane
Darko,Jonathan Isaac
Darko,Andrew Carr
Darko,L.J. Cryer
Darko,Kyle Filipowski
Darko,Nikola Topic
Darko,Micah Potter
Darko,Adou Thiero
Darko,Moussa Diabate
Darko,Franz Wagner
Darko,Brandon Williams
Darko,Jaxson Hayes
Darko,James Harden
Darko,Olivier-Maxence Prosper
Darko,Anthony Davis
Darko,Xavier Tillman
Darko,Donovan Mitchell
Darko,Yang Hansen
Darko,Christian Koloko
Darko,VJ Edgecombe
Darko,Dennis Schroder
Darko,Jonathan Kuminga
Darko,Dean Wade
Darko,Dejounte Murray
Darko,Jerami Grant
Darko,Yanic Konan Niederhauser
Darko,Rasheer Fleming
Darko,Josh Hart
Darko,OG Anunoby
Darko,Tim Hardaway
Darko,Gary Harris
Darko,Cameron Matthews
Darko,Ricky Council
Darko,Aaron Gordon
Darko,Jamison Battle
Darko,Joe Ingles
Darko,Tyrese Haliburton
Darko,Simone Fontecchio
Darko,Leonard Miller
Darko,Adam Flagler
Darko,Nicolas Claxton
Darko,Micah Peavy
Darko,Taylor Hendricks
Darko,Joan Beringer
Darko,Moussa Cisse
Darko,T.J. McConnell
Darko,Cedric Coward
Darko,Tyrese Martin
Darko,Ace Bailey
Darko,Scoot Henderson
Darko,Jalen Suggs
Darko,Mouhamed Gueye
Darko,Maxi Kleber
Darko,Buddy Hield
Darko,Marcus Sasser
Darko,Jericho Sims
Darko,Lamont Butler
Darko,Caleb Houstan
Darko,Mike Conley
Darko,RJ Luis
Darko,Tyus Jones
Darko,Herbert Jones
Darko,Brandon Ingram
Darko,Hunter Dickinson
Darko,Coby White
Darko,Kyrie Irving
Darko,Ethan Thompson
Darko,Al Horford
Darko,Isaiah Crawford
Darko,Anthony Edwards
Darko,Akoldah Gak
Darko,Asa Newell
Darko,Trayce Jackson-Davis
Darko,Malevy Leons
Darko,Branden Carlson
Darko,Miles McBride
Darko,Taurean Prince
Darko,Drake Powell
Darko,Bryce McGowens
Darko,Ja Morant
Darko,Isaiah Hartenstein
Darko,Jabari Smith Jr.
Darko,Jordan Walsh
Darko,Carlton Carrington
Darko,Bogoljub Markovic
Darko,Jamal Shead
Darko,Jevon Carter
Darko,Sam Merrill
Darko,Kylor Kelley
Darko,Bobby Portis
Darko,Kobe Bufkin
Darko,Rui Hachimura
Darko,Tolu Smith
Darko,Ryan Kalkbrenner
Darko,Mark Williams
Darko,Shaedon Sharpe
Darko,Aaron Wiggins
Darko,Zeke Nnaji
Darko,Julian Strawther
Darko,Dillon Jones
Darko,Kevon Looney
Darko,Nolan Traore
Darko,Derrick White
